{"files":{"clippy-7985df6ecf51795d4c29f4deb73ba8709a228decc631ca98e50160c4198efe24.svg":{"logical_path":"clippy.svg","mtime":"2017-06-04T15:56:09+02:00","size":536,"digest":"7985df6ecf51795d4c29f4deb73ba8709a228decc631ca98e50160c4198efe24","integrity":"sha256-eYXfbs9ReV1MKfTetzuocJoijezGMcqY5QFgxBmO/iQ="},"application-3810ebf95741a9d0616ec757da26cc7cf2a90f3ea953dfcfc416713452504320.js":{"logical_path":"application.js","mtime":"2017-06-06T19:42:21+02:00","size":675180,"digest":"3810ebf95741a9d0616ec757da26cc7cf2a90f3ea953dfcfc416713452504320","integrity":"sha256-OBDr+VdBqdBhbsdX2ibMfPKpDz6pU9/PxBZxNFJQQyA="},"application-2050f6a9a8adb8ad9de01e9a46238f84beb86de58ccd4aeb63ad9bf2f97475d8.css":{"logical_path":"application.css","mtime":"2017-06-05T14:21:36+02:00","size":369461,"digest":"2050f6a9a8adb8ad9de01e9a46238f84beb86de58ccd4aeb63ad9bf2f97475d8","integrity":"sha256-IFD2qaituK2d4B6aRiOPhL64beWMzUrrY62b8vl0ddg="},"bootstrap/glyphicons-halflings-regular-13634da87d9e23f8c3ed9108ce1724d183a39ad072e73e1b3d8cbf646d2d0407.eot":{"logical_path":"bootstrap/glyphicons-halflings-regular.eot","mtime":"2017-06-03T12:28:07+02:00","size":20127,"digest":"13634da87d9e23f8c3ed9108ce1724d183a39ad072e73e1b3d8cbf646d2d0407","integrity":"sha256-E2NNqH2eI/jD7ZEIzhck0YOjmtBy5z4bPYy/ZG0tBAc="},"bootstrap/glyphicons-halflings-regular-fe185d11a49676890d47bb783312a0cda5a44c4039214094e7957b4c040ef11c.woff2":{"logical_path":"bootstrap/glyphicons-halflings-regular.woff2","mtime":"2017-06-03T12:28:07+02:00","size":18028,"digest":"fe185d11a49676890d47bb783312a0cda5a44c4039214094e7957b4c040ef11c","integrity":"sha256-/hhdEaSWdokNR7t4MxKgzaWkTEA5IUCU55V7TAQO8Rw="},"bootstrap/glyphicons-halflings-regular-a26394f7ede100ca118eff2eda08596275a9839b959c226e15439557a5a80742.woff":{"logical_path":"bootstrap/glyphicons-halflings-regular.woff","mtime":"2017-06-03T12:28:07+02:00","size":23424,"digest":"a26394f7ede100ca118eff2eda08596275a9839b959c226e15439557a5a80742","integrity":"sha256-omOU9+3hAMoRjv8u2ghZYnWpg5uVnCJuFUOVV6WoB0I="},"bootstrap/glyphicons-halflings-regular-e395044093757d82afcb138957d06a1ea9361bdcf0b442d06a18a8051af57456.ttf":{"logical_path":"bootstrap/glyphicons-halflings-regular.ttf","mtime":"2017-06-03T12:28:07+02:00","size":45404,"digest":"e395044093757d82afcb138957d06a1ea9361bdcf0b442d06a18a8051af57456","integrity":"sha256-45UEQJN1fYKvyxOJV9BqHqk2G9zwtELQahioBRr1dFY="},"bootstrap/glyphicons-halflings-regular-42f60659d265c1a3c30f9fa42abcbb56bd4a53af4d83d316d6dd7a36903c43e5.svg":{"logical_path":"bootstrap/glyphicons-halflings-regular.svg","mtime":"2017-06-03T12:28:07+02:00","size":108738,"digest":"42f60659d265c1a3c30f9fa42abcbb56bd4a53af4d83d316d6dd7a36903c43e5","integrity":"sha256-QvYGWdJlwaPDD5+kKry7Vr1KU69Ng9MW1t16NpA8Q+U="},"application-47c4035346a11c11553805d3640d24ba6899f96afe7e3b866a1494cb9fda4fe1.js":{"logical_path":"application.js","mtime":"2017-06-07T21:53:20+02:00","size":680706,"digest":"47c4035346a11c11553805d3640d24ba6899f96afe7e3b866a1494cb9fda4fe1","integrity":"sha256-R8QDU0ahHBFVOAXTZA0kumiZ+Wr+fjuGahSUy5/aT+E="},"application-9200af6cfcff6ecdc1a45165ab48ef2c680d93bab0f33c7ce157955c73f2c2d1.css":{"logical_path":"application.css","mtime":"2017-06-07T20:08:54+02:00","size":370525,"digest":"9200af6cfcff6ecdc1a45165ab48ef2c680d93bab0f33c7ce157955c73f2c2d1","integrity":"sha256-kgCvbPz/bs3BpFFlq0jvLGgNk7qw8zx84VeVXHPywtE="}},"assets":{"clippy.svg":"clippy-7985df6ecf51795d4c29f4deb73ba8709a228decc631ca98e50160c4198efe24.svg","application.js":"application-47c4035346a11c11553805d3640d24ba6899f96afe7e3b866a1494cb9fda4fe1.js","application.css":"application-9200af6cfcff6ecdc1a45165ab48ef2c680d93bab0f33c7ce157955c73f2c2d1.css","bootstrap/glyphicons-halflings-regular.eot":"bootstrap/glyphicons-halflings-regular-13634da87d9e23f8c3ed9108ce1724d183a39ad072e73e1b3d8cbf646d2d0407.eot","bootstrap/glyphicons-halflings-regular.woff2":"bootstrap/glyphicons-halflings-regular-fe185d11a49676890d47bb783312a0cda5a44c4039214094e7957b4c040ef11c.woff2","bootstrap/glyphicons-halflings-regular.woff":"bootstrap/glyphicons-halflings-regular-a26394f7ede100ca118eff2eda08596275a9839b959c226e15439557a5a80742.woff","bootstrap/glyphicons-halflings-regular.ttf":"bootstrap/glyphicons-halflings-regular-e395044093757d82afcb138957d06a1ea9361bdcf0b442d06a18a8051af57456.ttf","bootstrap/glyphicons-halflings-regular.svg":"bootstrap/glyphicons-halflings-regular-42f60659d265c1a3c30f9fa42abcbb56bd4a53af4d83d316d6dd7a36903c43e5.svg"}}